user;blinding code;replica;Time;breed;Animal ID;material;Hardness at 1 bite Thigh;Boiled chicken flavour Thigh;Juiciness Thigh;Tenderness Thigh;Stringy Thigh;Crumbling Thigh
1001;231;1;11/01/2023, 09:07:11;High_spacexRoughage;HR-WP4-003;Thigh;1,23;14,37;11,93;12,2;2,77;8,2
1002;231;1;11/01/2023, 09:07:24;High_spacexRoughage;HR-WP4-003;Thigh;4,33;12,22;11,12;11,41;11,25;3,38
1003;231;1;11/01/2023, 09:07:38;High_spacexRoughage;HR-WP4-003;Thigh;7,01;8,88;12,57;5,1;8,04;2,95
1004;231;1;11/01/2023, 09:10:04;High_spacexRoughage;HR-WP4-003;Thigh;2,64;13,38;12,02;11,85;4,84;9,12
1005;231;1;11/01/2023, 09:08:39;High_spacexRoughage;HR-WP4-003;Thigh;1,46;9;7,23;11,31;1;1,66
1006;231;1;11/01/2023, 09:07:50;High_spacexRoughage;HR-WP4-003;Thigh;9,36;10,86;5,63;11,25;3,47;11,87
1007;231;1;11/01/2023, 09:07:33;High_spacexRoughage;HR-WP4-003;Thigh;4,4;9,41;10,46;10,4;9,03;9,1
1008;231;1;11/01/2023, 09:07:23;High_spacexRoughage;HR-WP4-003;Thigh;6,11;13,45;6,75;13,01;1,16;13,1
1001;303;1;11/02/2023, 08:55:31;High_spacexRoughage;HR-WP4-005;Thigh;9,49;4,24;10,81;6,09;8,15;2,02
1002;303;1;11/02/2023, 08:55:43;High_spacexRoughage;HR-WP4-005;Thigh;3,85;10,2;9,87;10,26;6,9;0,64
1003;303;1;11/02/2023, 08:56:17;High_spacexRoughage;HR-WP4-005;Thigh;6,7;11,91;6,68;6,44;7,54;10,09
1004;303;1;11/02/2023, 08:56:32;High_spacexRoughage;HR-WP4-005;Thigh;11,14;12,66;10,79;4,02;10,66;2,2
1005;303;1;11/02/2023, 08:56:22;High_spacexRoughage;HR-WP4-005;Thigh;7,26;4,86;5;8,51;8,2;1,11
1006;303;1;11/02/2023, 08:56:24;High_spacexRoughage;HR-WP4-005;Thigh;4,88;7,71;8,9;14,09;7,16;11,19
1007;303;1;11/02/2023, 08:55:57;High_spacexRoughage;HR-WP4-005;Thigh;8,51;9,71;8,29;8,44;8,42;11,14
1008;303;1;11/02/2023, 08:55:55;High_spacexRoughage;HR-WP4-005;Thigh;9,87;9,1;6;11,93;4,24;10,33
1001;415;1;11/02/2023, 09:05:25;High_spacexRoughage;HR-WP4-006;Thigh;2,46;10,44;10,7;10,79;4,02;7,87
1002;415;1;11/02/2023, 09:05:49;High_spacexRoughage;HR-WP4-006;Thigh;4,92;11,34;10,48;11,87;8,04;0,33
1003;415;1;11/02/2023, 09:06:03;High_spacexRoughage;HR-WP4-006;Thigh;11,74;11,98;1,41;9,25;0,44;12,99
1004;415;1;11/02/2023, 09:06:13;High_spacexRoughage;HR-WP4-006;Thigh;2,88;13,05;12,46;12,18;9,03;3,45
1005;415;1;11/02/2023, 09:06:21;High_spacexRoughage;HR-WP4-006;Thigh;4,2;8,6;3,09;9,14;6,29;5,14
1006;415;1;11/02/2023, 09:06:33;High_spacexRoughage;HR-WP4-006;Thigh;6,09;4,64;4,64;14,13;7,47;11,49
1007;415;1;11/02/2023, 09:06:12;High_spacexRoughage;HR-WP4-006;Thigh;8,46;9,08;7,85;8,97;8,46;10,86
1008;415;1;11/02/2023, 09:05:43;High_spacexRoughage;HR-WP4-006;Thigh;9,43;9,21;5,16;11,74;2,18;14,24
1001;134;1;11/02/2023, 09:14:57;High_spacexRoughage;HR-WP4-007;Thigh;0,09;7,23;14,59;14,81;3,34;0,48
1002;134;1;11/02/2023, 09:15:21;High_spacexRoughage;HR-WP4-007;Thigh;0,57;1,54;10,44;11,85;2,13;13,71
1003;134;1;11/02/2023, 09:15:55;High_spacexRoughage;HR-WP4-007;Thigh;7,76;5,41;2,44;9,93;2,07;9,49
1004;134;1;11/02/2023, 09:15:56;High_spacexRoughage;HR-WP4-007;Thigh;2,48;12,77;7,85;12,7;9,32;3,47
1005;134;1;11/02/2023, 09:15:59;High_spacexRoughage;HR-WP4-007;Thigh;6,89;7,8;1,83;9,6;7,94;6,11
1006;134;1;11/02/2023, 09:15:48;High_spacexRoughage;HR-WP4-007;Thigh;10,64;9,08;4,73;13,58;5,85;10,55
1007;134;1;11/02/2023, 09:15:22;High_spacexRoughage;HR-WP4-007;Thigh;8,11;9,49;8,73;8,68;8,75;10,88
1008;134;1;11/02/2023, 09:15:19;High_spacexRoughage;HR-WP4-007;Thigh;6,26;12,53;5,47;13,14;1,21;13,82
1001;807;1;11/03/2023, 08:55:40;High_spacexRoughage;HR-WP4-009;Thigh;9,41;13,27;10,92;11,1;1,63;8,66
1002;807;1;11/03/2023, 08:55:46;High_spacexRoughage;HR-WP4-009;Thigh;2,33;4,9;8,75;10,7;9,87;4,18
1003;807;1;11/03/2023, 08:56:06;High_spacexRoughage;HR-WP4-009;Thigh;11,38;11,93;0,86;2,86;12,64;4,22
1004;807;1;11/03/2023, 08:56:25;High_spacexRoughage;HR-WP4-009;Thigh;7,32;13,14;7,21;10,31;8,44;4,88
1005;807;1;11/03/2023, 08:56:24;High_spacexRoughage;HR-WP4-009;Thigh;7,51;8,2;5,86;10,31;6,71;0,89
1006;807;1;11/03/2023, 08:56:05;High_spacexRoughage;HR-WP4-009;Thigh;9,71;10,86;7,6;13,01;6,31;10,33
1007;807;1;11/03/2023, 08:55:49;High_spacexRoughage;HR-WP4-009;Thigh;10,42;8,92;7,8;7,96;11,8;7,36
1008;807;1;11/03/2023, 08:55:52;High_spacexRoughage;HR-WP4-009;Thigh;9,69;11,27;6,73;5,54;11,05;1,76
1001;839;1;11/01/2023, 09:25:59;High_spacexRoughage;HR-WP4-012;Thigh;14,64;1,96;4,68;10,02;8,55;9,63
1002;839;1;11/01/2023, 09:25:58;High_spacexRoughage;HR-WP4-012;Thigh;3,05;4,68;5,16;12,04;12;1,58
1003;839;1;11/01/2023, 09:26:09;High_spacexRoughage;HR-WP4-012;Thigh;9,89;8,75;1,1;6,02;10,62;10,88
1004;839;1;11/01/2023, 09:26:29;High_spacexRoughage;HR-WP4-012;Thigh;2,66;13,34;7,82;9,85;9,87;5,01
1005;839;1;11/01/2023, 09:26:42;High_spacexRoughage;HR-WP4-012;Thigh;3,97;6,43;1,89;10,94;5,4;0,91
1006;839;1;11/01/2023, 09:26:43;High_spacexRoughage;HR-WP4-012;Thigh;11,49;11,8;6,48;9,23;5,27;9,8
1007;839;1;11/01/2023, 09:26:04;High_spacexRoughage;HR-WP4-012;Thigh;9,16;9,05;7,36;9,16;10,31;7,89
1008;839;1;11/01/2023, 09:25:59;High_spacexRoughage;HR-WP4-012;Thigh;10,55;11,74;2,55;9,36;5,45;11,08
1001;437;1;11/01/2023, 09:55:55;High_spacexRoughage;HR-WP4-014;Thigh;0,62;3,6;11,41;14,37;1,49;6,24
1002;437;1;11/01/2023, 09:56:17;High_spacexRoughage;HR-WP4-014;Thigh;6,44;11,98;8,33;1,63;13,6;0,86
1003;437;1;11/01/2023, 09:56:32;High_spacexRoughage;HR-WP4-014;Thigh;2,13;6,42;3,98;8,22;5,47;6,84
1004;437;1;11/01/2023, 09:57:01;High_spacexRoughage;HR-WP4-014;Thigh;2,88;13,08;7,58;10,97;9,76;5,12
1005;437;1;11/01/2023, 09:56:51;High_spacexRoughage;HR-WP4-014;Thigh;8,77;7,23;1,46;7,89;7,49;1,03
1006;437;1;11/01/2023, 09:56:46;High_spacexRoughage;HR-WP4-014;Thigh;13,52;7,74;5,45;9,47;13,56;2,31
1007;437;1;11/01/2023, 09:56:17;High_spacexRoughage;HR-WP4-014;Thigh;7,67;8,97;9,23;8,7;10,84;8,81
1008;437;1;11/01/2023, 09:56:13;High_spacexRoughage;HR-WP4-014;Thigh;11,82;11,05;3,14;6,64;5,58;9,63
1001;569;1;11/03/2023, 09:15:54;High_spacexRoughage;HR-WP4-018;Thigh;6,51;5,67;11,71;11,89;1,38;13,58
1002;569;1;11/03/2023, 09:16:06;High_spacexRoughage;HR-WP4-018;Thigh;1,6;2,07;8,42;10,29;8,13;4,62
1003;569;1;11/03/2023, 09:16:18;High_spacexRoughage;HR-WP4-018;Thigh;12,04;12,26;1,67;5,43;10,35;5,93
1004;569;1;11/03/2023, 09:16:40;High_spacexRoughage;HR-WP4-018;Thigh;10,11;12,11;6,59;7,21;9,54;3,32
1005;569;1;11/03/2023, 09:16:42;High_spacexRoughage;HR-WP4-018;Thigh;7,03;6,8;6,69;9,29;6;4,23
1006;569;1;11/03/2023, 09:16:33;High_spacexRoughage;HR-WP4-018;Thigh;6,37;10,33;7,89;11,93;8,86;6,33
1007;569;1;11/03/2023, 09:16:10;High_spacexRoughage;HR-WP4-018;Thigh;6,11;8,84;8,07;10,15;9,03;11,36
1008;569;1;11/03/2023, 09:15:55;High_spacexRoughage;HR-WP4-018;Thigh;10,13;8,48;0,81;5,32;6,07;9,49
1001;296;1;11/01/2023, 10:16:26;High_spacexRoughage;HR-WP4-019;Thigh;4,86;7,65;5,34;3,3;12,77;3,63
1002;296;1;11/01/2023, 10:16:47;High_spacexRoughage;HR-WP4-019;Thigh;9,43;3,96;9,98;11,52;11,08;1,38
1003;296;1;11/01/2023, 10:17:03;High_spacexRoughage;HR-WP4-019;Thigh;3,19;3,58;11,05;6,29;6,18;9,56
1004;296;1;11/01/2023, 10:17:27;High_spacexRoughage;HR-WP4-019;Thigh;1,27;13,25;10,07;13,54;4,73;9,74
1005;296;1;11/01/2023, 10:17:13;High_spacexRoughage;HR-WP4-019;Thigh;3,26;8,49;4,91;8,4;6,43;1,03
1006;296;1;11/01/2023, 10:17:07;High_spacexRoughage;HR-WP4-019;Thigh;2,53;8,11;5,76;12,77;6,02;10,33
1007;296;1;11/01/2023, 10:16:48;High_spacexRoughage;HR-WP4-019;Thigh;7,19;9,23;7,96;8,42;8,81;7,34
1008;296;1;11/01/2023, 10:16:33;High_spacexRoughage;HR-WP4-019;Thigh;5,63;10,09;0,84;12,51;0,9;14,37
1001;134;1;11/07/2023, 09:57:50;High_spacexRoughage;HR-WP4-021;Thigh;2;6,18;12,22;12,42;0,9;2,57
1002;134;1;11/07/2023, 09:58:02;High_spacexRoughage;HR-WP4-021;Thigh;7,8;6,68;7,96;7,54;10,92;9,19
1003;134;1;11/07/2023, 09:57:50;High_spacexRoughage;HR-WP4-021;Thigh;11,3;13,36;5,1;13,32;3,25;3,45
1004;134;1;11/07/2023, 09:58:08;High_spacexRoughage;HR-WP4-021;Thigh;1,82;12,31;10,77;12,86;6,15;8,86
1005;134;1;11/07/2023, 09:58:25;High_spacexRoughage;HR-WP4-021;Thigh;7,57;6,83;1,83;9,06;4,89;3,14
1006;134;1;11/07/2023, 09:58:27;High_spacexRoughage;HR-WP4-021;Thigh;4,33;9,74;7,91;13,56;4,22;11,23
1007;134;1;11/07/2023, 09:58:16;High_spacexRoughage;HR-WP4-021;Thigh;8,81;7,54;7,47;6,55;8,44;10,48
1001;955;1;11/06/2023, 09:17:11;High_spacexRoughage;HR-WP4-023;Thigh;7,8;9,41;6,68;9,93;2,77;5,69
1002;955;1;11/06/2023, 09:17:39;High_spacexRoughage;HR-WP4-023;Thigh;6,68;3,63;9,08;10,51;8,44;1,74
1003;955;1;11/06/2023, 09:17:38;High_spacexRoughage;HR-WP4-023;Thigh;11,16;8,48;0,97;8,86;4,81;11,98
1004;955;1;11/06/2023, 09:17:48;High_spacexRoughage;HR-WP4-023;Thigh;1,6;12,68;9,41;12,59;8,26;6,22
1005;955;1;11/06/2023, 09:17:38;High_spacexRoughage;HR-WP4-023;Thigh;6,66;8,26;2,17;8,43;6,8;1,54
1006;955;1;11/06/2023, 09:17:39;High_spacexRoughage;HR-WP4-023;Thigh;10,11;8,79;6,55;11,14;5,93;9,08
1007;955;1;11/06/2023, 09:17:36;High_spacexRoughage;HR-WP4-023;Thigh;4,35;8,07;10,07;9,21;10,77;8,15
1008;955;1;11/06/2023, 09:17:17;High_spacexRoughage;HR-WP4-023;Thigh;11,76;9,98;0,86;9,91;0,64;14,53
1001;856;1;11/06/2023, 09:45:16;High_spacexRoughage;HR-WP4-025;Thigh;0,75;11,76;11,87;11,74;8,59;0,09
1002;856;1;11/06/2023, 09:45:34;High_spacexRoughage;HR-WP4-025;Thigh;5,63;5,03;5,89;11,98;7,36;6,48
1003;856;1;11/06/2023, 09:45:53;High_spacexRoughage;HR-WP4-025;Thigh;12,37;4,95;2,31;2,62;2,95;9,56
1004;856;1;11/06/2023, 09:46:08;High_spacexRoughage;HR-WP4-025;Thigh;1,1;12,73;11,05;13,23;8,66;7,63
1005;856;1;11/06/2023, 09:46:13;High_spacexRoughage;HR-WP4-025;Thigh;8,83;7,74;4,06;8,74;1,34;7,6
1006;856;1;11/06/2023, 09:45:58;High_spacexRoughage;HR-WP4-025;Thigh;4,31;7,1;7,34;12,15;6,37;9,58
1007;856;1;11/06/2023, 09:45:38;High_spacexRoughage;HR-WP4-025;Thigh;4,57;7,65;8,02;7,76;9,45;10,95
1008;856;1;11/06/2023, 09:45:40;High_spacexRoughage;HR-WP4-025;Thigh;2,77;13,21;8,73;13,36;0,57;14,37
1001;210;1;11/06/2023, 10:15:51;High_spacexRoughage;HR-WP4-031;Thigh;0,33;6;10,81;7,52;6,75;1,52
1002;210;1;11/06/2023, 10:16:03;High_spacexRoughage;HR-WP4-031;Thigh;5,14;2,24;6,86;10,81;9,27;2,33
1003;210;1;11/06/2023, 10:16:19;High_spacexRoughage;HR-WP4-031;Thigh;2,35;13,12;7,96;11,19;2,77;2,92
1004;210;1;11/06/2023, 10:16:53;High_spacexRoughage;HR-WP4-031;Thigh;2,51;12,2;8,77;12,02;8,4;5,87
1005;210;1;11/06/2023, 10:16:45;High_spacexRoughage;HR-WP4-031;Thigh;2,29;8,46;8,66;11,03;5,37;1,66
1006;210;1;11/06/2023, 10:16:20;High_spacexRoughage;HR-WP4-031;Thigh;2,29;5,98;9,8;12,55;6,42;9,21
1007;210;1;11/06/2023, 10:16:12;High_spacexRoughage;HR-WP4-031;Thigh;9,01;8,22;7,85;8,55;10,13;11,67
1008;210;1;11/06/2023, 10:16:21;High_spacexRoughage;HR-WP4-031;Thigh;12;9,91;0,26;8,75;1,14;12,97
1001;574;1;11/06/2023, 10:36:10;High_spacexRoughage;HR-WP4-032;Thigh;13,41;4,18;4,15;4,26;11,49;8,29
1002;574;1;11/06/2023, 10:36:26;High_spacexRoughage;HR-WP4-032;Thigh;5,93;6,15;10,7;13,01;9,63;1,38
1003;574;1;11/06/2023, 10:36:25;High_spacexRoughage;HR-WP4-032;Thigh;5,69;12,55;3,63;6,7;5,3;4,2
1004;574;1;11/06/2023, 10:38:05;High_spacexRoughage;HR-WP4-032;Thigh;2,26;12,95;6,99;12,29;7,91;4,95
1005;574;1;11/06/2023, 10:37:07;High_spacexRoughage;HR-WP4-032;Thigh;5,94;7,89;3,03;10,77;5,2;0,77
1006;574;1;11/06/2023, 10:36:52;High_spacexRoughage;HR-WP4-032;Thigh;9,38;8,66;6,07;13,36;9,65;6,33
1007;574;1;11/06/2023, 10:36:40;High_spacexRoughage;HR-WP4-032;Thigh;7,78;9,47;7,3;6,15;8;10,22
1008;574;1;11/06/2023, 10:36:34;High_spacexRoughage;HR-WP4-032;Thigh;3,69;11,36;7,08;12,59;3,67;12,9
1001;393;1;11/06/2023, 10:45:04;High_spacexRoughage;HR-WP4-037;Thigh;3,8;4,15;4,13;7,14;9,45;12,04
1002;393;1;11/06/2023, 10:45:23;High_spacexRoughage;HR-WP4-037;Thigh;4,4;7,05;9,12;12,95;7,27;2,02
1003;393;1;11/06/2023, 10:45:03;High_spacexRoughage;HR-WP4-037;Thigh;12,24;4,07;1,63;2,07;11,21;9,03
1004;393;1;11/06/2023, 10:46:25;High_spacexRoughage;HR-WP4-037;Thigh;2,02;10,44;6,68;12,51;7,08;7,38
1005;393;1;11/06/2023, 10:45:47;High_spacexRoughage;HR-WP4-037;Thigh;7,51;2,29;2,8;8,69;4,69;1,06
1006;393;1;11/06/2023, 10:46:00;High_spacexRoughage;HR-WP4-037;Thigh;6,51;9,65;5,58;11,6;5,14;10,59
1007;393;1;11/06/2023, 10:45:28;High_spacexRoughage;HR-WP4-037;Thigh;7,01;8,64;5,63;7,41;10,81;11,08
1008;393;1;11/06/2023, 10:45:14;High_spacexRoughage;HR-WP4-037;Thigh;0,9;13,56;8,73;14,53;0,64;14,48
1001;761;1;11/03/2023, 09:46:44;High_spacexRoughage;HR-WP4-040;Thigh;6,92;9,76;6,86;10,95;4,55;11,49
1002;761;1;11/03/2023, 09:46:58;High_spacexRoughage;HR-WP4-040;Thigh;2,18;2,29;7,96;12,18;10,29;5,91
1003;761;1;11/03/2023, 09:47:18;High_spacexRoughage;HR-WP4-040;Thigh;6,2;12,35;3,32;7,23;10,97;7,82
1004;761;1;11/03/2023, 09:47:28;High_spacexRoughage;HR-WP4-040;Thigh;3,21;13,82;6,77;10,73;10,77;3,78
1005;761;1;11/03/2023, 09:47:08;High_spacexRoughage;HR-WP4-040;Thigh;5,57;9,06;3,29;9,97;4,09;5,06
1006;761;1;11/03/2023, 09:47:20;High_spacexRoughage;HR-WP4-040;Thigh;8,11;10,29;7,45;12,88;7,98;9,76
1007;761;1;11/03/2023, 09:47:06;High_spacexRoughage;HR-WP4-040;Thigh;8,88;9,08;4,29;5,85;7,41;5,78
1008;761;1;11/03/2023, 09:46:42;High_spacexRoughage;HR-WP4-040;Thigh;7,03;10,22;5,76;9,27;9,93;2,07
1001;183;1;11/07/2023, 10:16:24;High_spacexRoughage;HR-WP4-041;Thigh;10,15;11,43;8,79;6,97;9,49;6,59
1002;183;1;11/07/2023, 10:16:44;High_spacexRoughage;HR-WP4-041;Thigh;6,15;9,78;9,49;12,09;9,56;4,51
1003;183;1;11/07/2023, 10:16:34;High_spacexRoughage;HR-WP4-041;Thigh;2,62;13,19;11,8;8,75;9,16;6,9
1004;183;1;11/07/2023, 10:17:06;High_spacexRoughage;HR-WP4-041;Thigh;1,85;13,36;9,21;12,77;5,63;11,58
1005;183;1;11/07/2023, 10:17:23;High_spacexRoughage;HR-WP4-041;Thigh;4,26;8,57;6,26;9,66;6,2;1,37
1006;183;1;11/07/2023, 10:17:17;High_spacexRoughage;HR-WP4-041;Thigh;3,58;9,36;9,12;13,16;9,69;5,67
1007;183;1;11/07/2023, 10:17:01;High_spacexRoughage;HR-WP4-041;Thigh;5,36;8,04;10,48;8,11;10,81;9,91
1001;431;1;11/03/2023, 10:25:30;High_spacexRoughage;HR-WP4-044;Thigh;11,8;5,03;5,47;5,25;9,12;9,52
1002;431;1;11/03/2023, 10:26:06;High_spacexRoughage;HR-WP4-044;Thigh;5,05;3,14;6,84;2,02;13,67;0,7
1003;431;1;11/03/2023, 10:26:15;High_spacexRoughage;HR-WP4-044;Thigh;10,86;10,95;6,79;2,92;12,15;4,09
1004;431;1;11/03/2023, 10:26:41;High_spacexRoughage;HR-WP4-044;Thigh;7,89;11,23;7,65;7,71;10,29;4,75
1005;431;1;11/03/2023, 10:26:29;High_spacexRoughage;HR-WP4-044;Thigh;7,26;7,6;1,29;4,34;9,17;3,31
1006;431;1;11/03/2023, 10:26:18;High_spacexRoughage;HR-WP4-044;Thigh;6,84;9,6;10,22;13,01;10,79;4,29
1007;431;1;11/03/2023, 10:26:04;High_spacexRoughage;HR-WP4-044;Thigh;9,96;9,45;6,55;4,99;10,18;6,46
1008;431;1;11/03/2023, 10:25:45;High_spacexRoughage;HR-WP4-044;Thigh;9,14;10,11;2,53;6,97;6,09;10,18
1001;01;1;11/02/2023, 09:25:53;High_spacexRoughage;HR-WP4-045;Thigh;9,82;4,33;4,44;13,25;6,62;1,89
1002;01;1;11/02/2023, 09:25:56;High_spacexRoughage;HR-WP4-045;Thigh;1,85;1,32;8,11;5,01;9,96;0,97
1003;01;1;11/02/2023, 09:26:54;High_spacexRoughage;HR-WP4-045;Thigh;7,36;3,12;3,25;2,84;12,24;5,21
1004;01;1;11/02/2023, 09:26:17;High_spacexRoughage;HR-WP4-045;Thigh;11,54;13,54;5,1;5,03;11,45;2,4
1005;01;1;11/02/2023, 09:26:27;High_spacexRoughage;HR-WP4-045;Thigh;7,14;7,57;4,6;9,49;5,91;1,4
1006;01;1;11/02/2023, 09:25:57;High_spacexRoughage;HR-WP4-045;Thigh;10,18;10,35;8,46;9,08;11,05;5,58
1007;01;1;11/02/2023, 09:25:39;High_spacexRoughage;HR-WP4-045;Thigh;10,09;7,65;4,81;5,21;12,02;7,8
1008;01;1;11/02/2023, 09:25:25;High_spacexRoughage;HR-WP4-045;Thigh;13,14;8,44;1,87;3,12;13,25;0,9
1001;405;1;11/03/2023, 10:44:59;High_spacexRoughage;HR-WP4-047;Thigh;13,21;11,16;2,66;2,33;8,68;9,08
1002;405;1;11/03/2023, 10:45:18;High_spacexRoughage;HR-WP4-047;Thigh;3,16;2,11;6,81;10,84;11,49;1,19
1003;405;1;11/03/2023, 10:45:29;High_spacexRoughage;HR-WP4-047;Thigh;7,87;12,97;9,96;2,97;12,46;3,05
1004;405;1;11/03/2023, 10:45:34;High_spacexRoughage;HR-WP4-047;Thigh;7,38;12,75;8,33;12,66;10,51;3,56
1005;405;1;11/03/2023, 10:45:51;High_spacexRoughage;HR-WP4-047;Thigh;6,54;6,17;1,29;6,69;6,17;5,77
1006;405;1;11/03/2023, 10:45:24;High_spacexRoughage;HR-WP4-047;Thigh;6,15;9,14;4,09;13,16;3,03;11,34
1007;405;1;11/03/2023, 10:45:14;High_spacexRoughage;HR-WP4-047;Thigh;9,96;8,64;8,18;7,01;10,66;8,99
1008;405;1;11/03/2023, 10:45:08;High_spacexRoughage;HR-WP4-047;Thigh;3,25;10,95;6,62;11,69;4,88;9,43
1001;258;1;11/03/2023, 08:45:49;Low_spacexRoughage;LR-WP4-002;Thigh;7,89;3,98;7,76;2,66;6,22;0,11
1002;258;1;11/03/2023, 08:45:52;Low_spacexRoughage;LR-WP4-002;Thigh;2,13;2,75;8,75;10,51;9,36;1,93
1003;258;1;11/03/2023, 08:46:03;Low_spacexRoughage;LR-WP4-002;Thigh;11,76;11,8;2,9;9,05;2,92;6,04
1004;258;1;11/03/2023, 08:46:27;Low_spacexRoughage;LR-WP4-002;Thigh;2,59;12,64;8;12,73;7,16;5,96
1005;258;1;11/03/2023, 08:46:25;Low_spacexRoughage;LR-WP4-002;Thigh;5,86;8,77;2,4;8,71;6,66;0,71
1006;258;1;11/03/2023, 08:46:13;Low_spacexRoughage;LR-WP4-002;Thigh;8,86;7,96;10,4;13,96;8,15;7,38
1007;258;1;11/03/2023, 08:45:59;Low_spacexRoughage;LR-WP4-002;Thigh;7,89;8,64;6,26;6,97;10,9;8,86
1008;258;1;11/03/2023, 08:45:46;Low_spacexRoughage;LR-WP4-002;Thigh;14,18;10,07;8,51;6,77;6,09;9,05
1001;754;1;11/07/2023, 09:15:15;Low_spacexRoughage;LR-WP4-003;Thigh;10,88;3,23;6,48;4,22;12,31;0,77
1002;754;1;11/07/2023, 09:15:20;Low_spacexRoughage;LR-WP4-003;Thigh;5,58;3,05;9,67;11,78;6,42;10,15
1003;754;1;11/07/2023, 09:15:10;Low_spacexRoughage;LR-WP4-003;Thigh;11,47;11,34;1,32;2,07;10,24;2,75
1004;754;1;11/07/2023, 09:15:42;Low_spacexRoughage;LR-WP4-003;Thigh;3,38;12,77;10,48;9,47;8,79;3,14
1005;754;1;11/07/2023, 09:15:32;Low_spacexRoughage;LR-WP4-003;Thigh;1,14;7,26;3,2;11,03;1,14;1,97
1006;754;1;11/07/2023, 09:15:36;Low_spacexRoughage;LR-WP4-003;Thigh;4,92;9,93;7,3;12,9;7,32;10,18
1007;754;1;11/07/2023, 09:15:25;Low_spacexRoughage;LR-WP4-003;Thigh;8,7;7,14;7,21;7,38;7,74;10,37
1001;185;1;11/02/2023, 09:58:29;Low_spacexRoughage;LR-WP4-004;Thigh;4,57;12,95;5,1;7,8;7,78;7,65
1002;185;1;11/02/2023, 09:59:52;Low_spacexRoughage;LR-WP4-004;Thigh;0,88;5,32;5,3;12,68;5,93;8,57
1003;185;1;11/02/2023, 09:58:58;Low_spacexRoughage;LR-WP4-004;Thigh;8,35;13,32;9,01;12,68;2,37;2,42
1004;185;1;11/02/2023, 09:59:17;Low_spacexRoughage;LR-WP4-004;Thigh;3,12;13,05;10,15;12,02;8,64;4,02
1005;185;1;11/02/2023, 09:59:19;Low_spacexRoughage;LR-WP4-004;Thigh;8,6;9,2;3,4;11,09;6;8,51
1006;185;1;11/02/2023, 09:58:57;Low_spacexRoughage;LR-WP4-004;Thigh;11,38;8,26;2,75;12,9;2,4;11,3
1007;185;1;11/02/2023, 09:58:50;Low_spacexRoughage;LR-WP4-004;Thigh;7,21;9,41;6,68;6,79;7,98;11,05
1008;185;1;11/02/2023, 09:58:39;Low_spacexRoughage;LR-WP4-004;Thigh;12,73;9,25;2,79;10,99;6,48;10,29
1001;488;1;11/01/2023, 08:46:41;Low_spacexRoughage;LR-WP4-007;Thigh;5,93;0,55;8,81;9,12;0,99;1,36
1002;488;1;11/01/2023, 08:46:59;Low_spacexRoughage;LR-WP4-007;Thigh;2,31;5,58;6,53;13,23;12,15;6,55
1003;488;1;11/01/2023, 08:47:17;Low_spacexRoughage;LR-WP4-007;Thigh;3,45;3,56;8,02;12;1,23;11,3
1004;488;1;11/01/2023, 08:47:45;Low_spacexRoughage;LR-WP4-007;Thigh;6,37;11,32;9,58;7,8;9,32;5,56
1005;488;1;11/01/2023, 08:47:18;Low_spacexRoughage;LR-WP4-007;Thigh;7,43;7,6;2,34;11,89;6,17;0,03
1006;488;1;11/01/2023, 08:47:12;Low_spacexRoughage;LR-WP4-007;Thigh;7,43;12,44;11,34;14,37;5,49;11,52
1007;488;1;11/01/2023, 08:46:48;Low_spacexRoughage;LR-WP4-007;Thigh;6,13;9,76;8,11;10,07;7,91;8,26
1008;488;1;11/01/2023, 08:46:44;Low_spacexRoughage;LR-WP4-007;Thigh;12,46;13,21;0,73;8,77;0,77;10,84
1001;327;1;11/07/2023, 09:26:13;Low_spacexRoughage;LR-WP4-009;Thigh;3,91;6,07;6,04;9,71;2,24;8,33
1002;327;1;11/07/2023, 09:26:22;Low_spacexRoughage;LR-WP4-009;Thigh;3,6;10,62;8,86;11,74;8,26;8,07
1003;327;1;11/07/2023, 09:26:22;Low_spacexRoughage;LR-WP4-009;Thigh;5,14;3,58;4,02;10,62;3,58;8,7
1004;327;1;11/07/2023, 09:26:34;Low_spacexRoughage;LR-WP4-009;Thigh;1,38;13,56;7,78;13,08;10,11;5,78
1005;327;1;11/07/2023, 09:26:43;Low_spacexRoughage;LR-WP4-009;Thigh;2,74;6,97;3,31;8,97;1,23;5,86
1006;327;1;11/07/2023, 09:26:36;Low_spacexRoughage;LR-WP4-009;Thigh;6,29;7,45;7,3;13,01;7,01;8,22
1007;327;1;11/07/2023, 09:26:35;Low_spacexRoughage;LR-WP4-009;Thigh;9,56;9,21;5,52;4,53;11,34;8,59
1001;651;1;11/02/2023, 10:05:20;Low_spacexRoughage;LR-WP4-010;Thigh;12,97;13,54;3,74;2,81;14,15;10,31
1002;651;1;11/02/2023, 10:05:44;Low_spacexRoughage;LR-WP4-010;Thigh;1,54;1,76;6,09;11,05;10;4,51
1003;651;1;11/02/2023, 10:05:50;Low_spacexRoughage;LR-WP4-010;Thigh;11,85;11,14;2,37;8,09;6,15;10,18
1004;651;1;11/02/2023, 10:06:01;Low_spacexRoughage;LR-WP4-010;Thigh;8,29;10,37;6,95;7,34;8,04;2,11
1005;651;1;11/02/2023, 10:06:27;Low_spacexRoughage;LR-WP4-010;Thigh;7,29;7,03;2,23;8,57;9,06;0,69
1006;651;1;11/02/2023, 10:05:59;Low_spacexRoughage;LR-WP4-010;Thigh;11,8;9,78;5,52;12,57;3,43;11,56
1007;651;1;11/02/2023, 10:05:35;Low_spacexRoughage;LR-WP4-010;Thigh;7,45;9,3;5,36;7,43;10,31;11,41
1008;651;1;11/02/2023, 10:05:27;Low_spacexRoughage;LR-WP4-010;Thigh;10,75;9,25;2,11;9,89;1,34;12,62
1001;591;1;11/07/2023, 09:52:46;Low_spacexRoughage;LR-WP4-011;Thigh;6,99;5,23;9,27;12,35;4,7;6,51
1002;591;1;11/07/2023, 09:52:50;Low_spacexRoughage;LR-WP4-011;Thigh;2,4;6,79;10,18;11,12;6,02;7,87
1003;591;1;11/07/2023, 09:52:44;Low_spacexRoughage;LR-WP4-011;Thigh;12,04;11,93;3,1;11,71;1,38;5,27
1004;591;1;11/07/2023, 09:53:34;Low_spacexRoughage;LR-WP4-011;Thigh;2,02;13,1;5,91;12,81;4,79;9,23
1005;591;1;11/07/2023, 09:53:08;Low_spacexRoughage;LR-WP4-011;Thigh;7,2;7,49;0,46;6,66;3,51;0,97
1006;591;1;11/07/2023, 09:53:06;Low_spacexRoughage;LR-WP4-011;Thigh;3,98;8,64;8,26;13,1;6,75;8,81
1007;591;1;11/07/2023, 09:52:58;Low_spacexRoughage;LR-WP4-011;Thigh;6,37;8,02;8,07;7,49;8,59;8,44
1001;276;1;11/03/2023, 09:05:33;Low_spacexRoughage;LR-WP4-017;Thigh;7,91;3,14;5,41;6,95;9,58;4,97
1002;276;1;11/03/2023, 09:06:09;Low_spacexRoughage;LR-WP4-017;Thigh;5,03;6,02;9,34;10,79;8,64;0,99
1003;276;1;11/03/2023, 09:05:59;Low_spacexRoughage;LR-WP4-017;Thigh;11,16;6,88;9,05;3,91;9,21;3,14
1004;276;1;11/03/2023, 09:06:41;Low_spacexRoughage;LR-WP4-017;Thigh;10,02;13,32;5,03;5,38;11,03;2,57
1005;276;1;11/03/2023, 09:06:19;Low_spacexRoughage;LR-WP4-017;Thigh;5,49;8,54;5,51;10,14;4,03;1,54
1006;276;1;11/03/2023, 09:06:06;Low_spacexRoughage;LR-WP4-017;Thigh;11,21;10,75;7,54;10,79;6,77;9,38
1007;276;1;11/03/2023, 09:05:46;Low_spacexRoughage;LR-WP4-017;Thigh;8,46;9,21;7,08;6,2;11,1;9,87
1008;276;1;11/03/2023, 09:05:35;Low_spacexRoughage;LR-WP4-017;Thigh;14,53;5,14;1,23;1,76;14,62;0,59
1001;535;1;11/01/2023, 08:55:33;Low_spacexRoughage;LR-WP4-027;Thigh;2,99;6,04;9,71;7,49;10,18;7,89
1002;535;1;11/01/2023, 08:55:21;Low_spacexRoughage;LR-WP4-027;Thigh;6,31;4,97;7,32;11,43;10,99;0,92
1003;535;1;11/01/2023, 08:55:28;Low_spacexRoughage;LR-WP4-027;Thigh;9,56;2,77;7,52;6,11;8,55;8,66
1004;535;1;11/01/2023, 08:56:12;Low_spacexRoughage;LR-WP4-027;Thigh;9,47;13,08;7,65;7,58;10,07;4,77
1005;535;1;11/01/2023, 08:55:57;Low_spacexRoughage;LR-WP4-027;Thigh;12,69;6,57;1;1,34;11,23;1,46
1006;535;1;11/01/2023, 08:55:36;Low_spacexRoughage;LR-WP4-027;Thigh;13,45;10,15;5,03;3,98;13,74;1,21
1007;535;1;11/01/2023, 08:55:16;Low_spacexRoughage;LR-WP4-027;Thigh;9,01;7,93;7,1;6,22;10,18;10,46
1008;535;1;11/01/2023, 08:55:16;Low_spacexRoughage;LR-WP4-027;Thigh;12,57;11,93;5,96;4,95;12,46;1,03
1001;753;1;11/06/2023, 10:55:57;Low_spacexRoughage;LR-WP4-029;Thigh;10,4;1,63;4,33;4,22;12,86;9,01
1002;753;1;11/06/2023, 10:55:59;Low_spacexRoughage;LR-WP4-029;Thigh;5,36;5,03;6,02;6,15;11,3;4,51
1003;753;1;11/06/2023, 10:55:53;Low_spacexRoughage;LR-WP4-029;Thigh;7,21;12,46;4,92;4,92;11,3;8,2
1004;753;1;11/06/2023, 10:56:49;Low_spacexRoughage;LR-WP4-029;Thigh;2,09;12,88;9,71;13,65;8,57;7,3
1005;753;1;11/06/2023, 10:56:32;Low_spacexRoughage;LR-WP4-029;Thigh;7,91;6,26;1,66;4,29;10,91;0,6
1006;753;1;11/06/2023, 10:56:18;Low_spacexRoughage;LR-WP4-029;Thigh;5,74;10,84;9,19;12,66;9,38;6,04
1007;753;1;11/06/2023, 10:56:17;Low_spacexRoughage;LR-WP4-029;Thigh;6,77;7,85;6,9;6,92;9,45;11,03
1008;753;1;11/06/2023, 10:56:03;Low_spacexRoughage;LR-WP4-029;Thigh;10,31;12,92;2,33;11,38;5,32;10,2
1001;607;1;11/03/2023, 09:55:04;Low_spacexRoughage;LR-WP4-030;Thigh;10,86;3,87;7,25;9,34;4,26;2,09
1002;607;1;11/03/2023, 09:55:21;Low_spacexRoughage;LR-WP4-030;Thigh;5,96;4,9;10,13;10,55;9,63;4,64
1003;607;1;11/03/2023, 09:55:48;Low_spacexRoughage;LR-WP4-030;Thigh;2,51;12,97;3,03;12,95;4,04;10,7
1004;607;1;11/03/2023, 09:55:53;Low_spacexRoughage;LR-WP4-030;Thigh;2,02;13,05;4,7;12,46;10,22;6,99
1005;607;1;11/03/2023, 09:56:08;Low_spacexRoughage;LR-WP4-030;Thigh;6,09;6,57;1,06;6,63;8,94;7,2
1006;607;1;11/03/2023, 09:55:43;Low_spacexRoughage;LR-WP4-030;Thigh;7,45;10,55;7,78;12,92;3,87;9,93
1007;607;1;11/03/2023, 09:55:46;Low_spacexRoughage;LR-WP4-030;Thigh;7,65;6,07;8,04;6,35;11,16;10,13
1008;607;1;11/03/2023, 09:55:23;Low_spacexRoughage;LR-WP4-030;Thigh;7,6;9,87;5,78;10,04;6,64;9,25
1001;145;1;11/01/2023, 10:06:15;Low_spacexRoughage;LR-WP4-031;Thigh;13,36;13,69;10,42;12,42;6,53;12,9
1002;145;1;11/01/2023, 10:06:38;Low_spacexRoughage;LR-WP4-031;Thigh;4,51;10,4;10,66;11,98;12,4;2,81
1003;145;1;11/01/2023, 10:06:43;Low_spacexRoughage;LR-WP4-031;Thigh;7,65;5,08;1,43;4,07;4,02;12,18
1004;145;1;11/01/2023, 10:07:18;Low_spacexRoughage;LR-WP4-031;Thigh;4,13;12,77;9,43;10,33;5,36;10,59
1005;145;1;11/01/2023, 10:07:08;Low_spacexRoughage;LR-WP4-031;Thigh;8,49;4,51;2,57;8,23;8,8;0,94
1006;145;1;11/01/2023, 10:06:44;Low_spacexRoughage;LR-WP4-031;Thigh;11,52;7,69;6,18;9,45;7,27;8,07
1007;145;1;11/01/2023, 10:06:34;Low_spacexRoughage;LR-WP4-031;Thigh;10,48;9,19;6,26;5,34;10,51;8,29
1008;145;1;11/01/2023, 10:06:25;Low_spacexRoughage;LR-WP4-031;Thigh;6,22;10,18;8,13;9,96;2,29;11,56
1001;271;1;11/02/2023, 10:45:30;Low_spacexRoughage;LR-WP4-034;Thigh;12,86;9,85;6,53;9,8;10,24;10,29
1002;271;1;11/02/2023, 10:45:46;Low_spacexRoughage;LR-WP4-034;Thigh;1,16;2,92;4,84;10,77;8,07;8,51
1003;271;1;11/02/2023, 10:45:44;Low_spacexRoughage;LR-WP4-034;Thigh;11,6;11,98;6,75;2,97;11,96;2,04
1004;271;1;11/02/2023, 10:46:13;Low_spacexRoughage;LR-WP4-034;Thigh;1,43;12,77;7,45;12,86;8,99;4,48
1005;271;1;11/02/2023, 10:46:07;Low_spacexRoughage;LR-WP4-034;Thigh;7,83;4,46;3,23;4,23;7,06;3,77
1006;271;1;11/02/2023, 10:45:53;Low_spacexRoughage;LR-WP4-034;Thigh;10,62;8,44;6,64;10,09;6,97;11,1
1007;271;1;11/02/2023, 10:45:47;Low_spacexRoughage;LR-WP4-034;Thigh;9,16;7,23;5,89;8,04;8,11;10,15
1008;271;1;11/02/2023, 10:45:45;Low_spacexRoughage;LR-WP4-034;Thigh;13,41;8,88;0,62;5,89;12,29;1,03
1001;467;1;11/07/2023, 10:05:52;Low_spacexRoughage;LR-WP4-035;Thigh;9,16;4,31;6,2;7,38;4,7;10,07
1002;467;1;11/07/2023, 10:06:21;Low_spacexRoughage;LR-WP4-035;Thigh;4,04;11,96;8,29;11,65;8,44;1,19
1003;467;1;11/07/2023, 10:06:02;Low_spacexRoughage;LR-WP4-035;Thigh;12,31;4,31;4,46;4,07;7,65;3,98
1004;467;1;11/07/2023, 10:07:07;Low_spacexRoughage;LR-WP4-035;Thigh;4,31;12,77;9,71;12,04;8,64;9,27
1005;467;1;11/07/2023, 10:06:31;Low_spacexRoughage;LR-WP4-035;Thigh;2,37;8,06;3,94;9,83;5,34;1,6
1006;467;1;11/07/2023, 10:06:39;Low_spacexRoughage;LR-WP4-035;Thigh;4,29;9,12;1,82;12,68;4,42;10,9
1007;467;1;11/07/2023, 10:06:25;Low_spacexRoughage;LR-WP4-035;Thigh;9,16;7,01;7,32;5,27;11,05;9,71
1001;836;1;11/07/2023, 11:05:35;Low_spacexRoughage;LR-WP4-037;Thigh;2,95;8,53;8,44;4,86;9,12;7,8
1002;836;1;11/07/2023, 11:05:46;Low_spacexRoughage;LR-WP4-037;Thigh;3,54;6,26;8,51;6,29;4,75;8,66
1003;836;1;11/07/2023, 11:05:45;Low_spacexRoughage;LR-WP4-037;Thigh;12,44;10,59;2;1,65;13,34;3,6
1004;836;1;11/07/2023, 11:07:09;Low_spacexRoughage;LR-WP4-037;Thigh;6,22;12,46;5,38;10,79;5,38;11,05
1005;836;1;11/07/2023, 11:06:18;Low_spacexRoughage;LR-WP4-037;Thigh;8,2;7,14;2,06;3,03;9,2;6,26
1006;836;1;11/07/2023, 11:06:19;Low_spacexRoughage;LR-WP4-037;Thigh;6;9,05;5,67;12,24;5,52;10,42
1007;836;1;11/07/2023, 11:06:04;Low_spacexRoughage;LR-WP4-037;Thigh;8,81;7,1;5,36;5,27;11,65;10,53
1001;553;1;11/07/2023, 10:56:10;Low_spacexRoughage;LR-WP4-038;Thigh;9,6;12,15;5,74;6,02;9,67;9,71
1002;553;1;11/07/2023, 10:56:28;Low_spacexRoughage;LR-WP4-038;Thigh;3,96;5,58;8,02;8,81;7,41;7,96
1003;553;1;11/07/2023, 10:56:17;Low_spacexRoughage;LR-WP4-038;Thigh;4,99;12,57;4,04;11,78;4,68;4,4
1004;553;1;11/07/2023, 10:56:55;Low_spacexRoughage;LR-WP4-038;Thigh;4,4;11,91;5,14;9,01;6,66;8,53
1005;553;1;11/07/2023, 10:56:49;Low_spacexRoughage;LR-WP4-038;Thigh;2,6;6,94;6,57;7,29;8,29;6,23
1006;553;1;11/07/2023, 10:57:08;Low_spacexRoughage;LR-WP4-038;Thigh;2,77;9,1;8,9;13,87;7,47;8,79
1007;553;1;11/07/2023, 10:56:33;Low_spacexRoughage;LR-WP4-038;Thigh;5,91;7,16;9,76;9,27;10,53;9,05
1001;104;1;11/03/2023, 10:17:59;Low_spacexRoughage;LR-WP4-042;Thigh;11,21;7,3;5,67;6,07;9,34;0
1002;104;1;11/03/2023, 10:18:17;Low_spacexRoughage;LR-WP4-042;Thigh;5,69;5,58;7,12;12,18;8,75;4,4
1003;104;1;11/03/2023, 10:18:24;Low_spacexRoughage;LR-WP4-042;Thigh;4,46;4,07;3,63;10,13;7,8;7,8
1004;104;1;11/03/2023, 10:18:33;Low_spacexRoughage;LR-WP4-042;Thigh;1,1;13,01;6,9;13,6;4,77;8,99
1005;104;1;11/03/2023, 10:18:45;Low_spacexRoughage;LR-WP4-042;Thigh;7,83;1,71;1,29;7,89;8,17;2,43
1006;104;1;11/03/2023, 10:18:36;Low_spacexRoughage;LR-WP4-042;Thigh;7,85;9,21;7,78;12,73;5,19;10,57
1007;104;1;11/03/2023, 10:19:03;Low_spacexRoughage;LR-WP4-042;Thigh;9,25;7,67;5,27;5,96;8,7;10,18
1008;104;1;11/03/2023, 10:18:06;Low_spacexRoughage;LR-WP4-042;Thigh;4,95;10,7;4,02;12,66;3,91;13,85
1001;280;1;11/01/2023, 10:44:23;Low_spacexRoughage;LR-WP4-045;Thigh;9,47;1,49;6,73;8,81;10,97;7,52
1002;280;1;11/01/2023, 10:44:40;Low_spacexRoughage;LR-WP4-045;Thigh;4,04;1,63;8;11,8;8,97;0,75
1003;280;1;11/01/2023, 10:44:34;Low_spacexRoughage;LR-WP4-045;Thigh;12,09;12,04;0,84;8,51;11,54;11,52
1004;280;1;11/01/2023, 10:45:15;Low_spacexRoughage;LR-WP4-045;Thigh;6,26;13,12;9,14;9,71;10,09;4,46
1005;280;1;11/01/2023, 10:44:50;Low_spacexRoughage;LR-WP4-045;Thigh;4,77;5,86;2,06;8,91;5,91;2,17
1006;280;1;11/01/2023, 10:45:01;Low_spacexRoughage;LR-WP4-045;Thigh;5,91;9,91;7,69;12,86;5,1;9,23
1007;280;1;11/01/2023, 10:44:42;Low_spacexRoughage;LR-WP4-045;Thigh;5,3;10,35;5,52;7,93;8,46;8,37
1008;280;1;11/01/2023, 10:44:46;Low_spacexRoughage;LR-WP4-045;Thigh;4,86;12,26;2,97;11,78;1,85;14,11
1001;465;1;11/02/2023, 10:55:59;Low_spacexRoughage;LR-WP4-046;Thigh;2;6,81;9,71;10,29;10,13;7,54
1002;465;1;11/02/2023, 10:55:54;Low_spacexRoughage;LR-WP4-046;Thigh;1,87;2,29;7,69;9,52;5,49;8,81
1003;465;1;11/02/2023, 10:56:23;Low_spacexRoughage;LR-WP4-046;Thigh;1,38;13,34;12,97;13,45;1,52;1,96
1004;465;1;11/02/2023, 10:56:43;Low_spacexRoughage;LR-WP4-046;Thigh;2,75;11,16;8,11;13,05;8,86;2,55
1005;465;1;11/02/2023, 10:56:56;Low_spacexRoughage;LR-WP4-046;Thigh;5,8;9,14;3,23;10,17;5,46;6,11
1006;465;1;11/02/2023, 10:56:30;Low_spacexRoughage;LR-WP4-046;Thigh;3,05;9,71;7,38;13,16;3,08;11,85
1007;465;1;11/02/2023, 10:56:19;Low_spacexRoughage;LR-WP4-046;Thigh;7,71;7,36;5,85;8,13;10,95;8,29
1008;465;1;11/02/2023, 10:56:03;Low_spacexRoughage;LR-WP4-046;Thigh;5,67;10,7;4,68;13,03;3,19;11,49
1001;408;1;11/03/2023, 10:54:18;Low_spacexRoughage;LR-WP4-048;Thigh;11,41;11,45;11,67;11,8;12,31;1,78
1002;408;1;11/03/2023, 10:54:43;Low_spacexRoughage;LR-WP4-048;Thigh;4,7;3,98;6,59;11,65;5,25;1,03
1003;408;1;11/03/2023, 10:54:54;Low_spacexRoughage;LR-WP4-048;Thigh;12,24;12,35;2,99;3,74;12,46;8,73
1004;408;1;11/03/2023, 10:55:15;Low_spacexRoughage;LR-WP4-048;Thigh;1,87;13,45;7,91;12,9;9,54;4,75
1005;408;1;11/03/2023, 10:55:17;Low_spacexRoughage;LR-WP4-048;Thigh;2,86;6,37;3,66;10,06;7,49;3,4
1006;408;1;11/03/2023, 10:55:00;Low_spacexRoughage;LR-WP4-048;Thigh;3,71;9,03;7,65;13,85;6,64;8,37
1007;408;1;11/03/2023, 10:54:44;Low_spacexRoughage;LR-WP4-048;Thigh;6,53;8,9;10,18;9,19;11,41;7,96
1008;408;1;11/03/2023, 10:54:31;Low_spacexRoughage;LR-WP4-048;Thigh;3,74;12,7;5,96;12,53;8,99;6,18
1001;629;1;11/07/2023, 08:58:11;High_spacexNo_Roughage;NR-WP4-005;Thigh;7,05;7,34;5,14;5,14;5,34;9,01
1002;629;1;11/07/2023, 08:58:26;High_spacexNo_Roughage;NR-WP4-005;Thigh;5,3;6,13;6,95;11,14;9,21;7,21
1003;629;1;11/07/2023, 08:58:10;High_spacexNo_Roughage;NR-WP4-005;Thigh;11,43;12,24;6,22;6,04;5,43;4
1004;629;1;11/07/2023, 08:58:38;High_spacexNo_Roughage;NR-WP4-005;Thigh;5,56;10,15;4,59;7,71;7,69;7,12
1005;629;1;11/07/2023, 08:58:29;High_spacexNo_Roughage;NR-WP4-005;Thigh;7,31;7,06;1,77;9,06;7,14;1,09
1006;629;1;11/07/2023, 08:58:46;High_spacexNo_Roughage;NR-WP4-005;Thigh;5,03;7,21;4,62;9,69;9,71;7,16
1007;629;1;11/07/2023, 08:58:20;High_spacexNo_Roughage;NR-WP4-005;Thigh;7,78;7,96;6,26;6,04;10,84;7,93
1001;360;1;11/02/2023, 08:45:13;High_spacexNo_Roughage;NR-WP4-010;Thigh;6,88;5,1;8,11;8,7;9,45;0,31
1002;360;1;11/02/2023, 08:45:21;High_spacexNo_Roughage;NR-WP4-010;Thigh;1,1;3,05;5,47;6,55;11,32;0,42
1003;360;1;11/02/2023, 08:45:42;High_spacexNo_Roughage;NR-WP4-010;Thigh;7,8;10,81;4,09;7,12;9,6;6,73
1004;360;1;11/02/2023, 08:45:51;High_spacexNo_Roughage;NR-WP4-010;Thigh;5,12;13,27;9,08;10,04;8,86;4,77
1005;360;1;11/02/2023, 08:45:36;High_spacexNo_Roughage;NR-WP4-010;Thigh;9,94;9,31;4,74;6,89;1,03;7,66
1006;360;1;11/02/2023, 08:45:35;High_spacexNo_Roughage;NR-WP4-010;Thigh;4,46;10,66;7,41;13,45;6,15;10,15
1007;360;1;11/02/2023, 08:45:26;High_spacexNo_Roughage;NR-WP4-010;Thigh;6,88;8,81;5,58;8,33;11,08;8,81
1008;360;1;11/02/2023, 08:45:35;High_spacexNo_Roughage;NR-WP4-010;Thigh;11,25;10,44;3,41;11,25;3,1;12,15
1001;385;1;11/06/2023, 09:26:20;High_spacexNo_Roughage;NR-WP4-011;Thigh;4,75;7,05;5,45;5,21;11,87;7,56
1002;385;1;11/06/2023, 09:26:29;High_spacexNo_Roughage;NR-WP4-011;Thigh;1,23;5,74;10,07;12,24;7,93;1,03
1003;385;1;11/06/2023, 09:26:41;High_spacexNo_Roughage;NR-WP4-011;Thigh;7,6;10,88;2,55;7,67;5,78;5,89
1004;385;1;11/06/2023, 09:26:57;High_spacexNo_Roughage;NR-WP4-011;Thigh;4,13;12,29;6,81;9,91;9,41;6,84
1005;385;1;11/06/2023, 09:26:56;High_spacexNo_Roughage;NR-WP4-011;Thigh;4,77;8,34;5,54;7,8;0,89;4,54
1006;385;1;11/06/2023, 09:26:44;High_spacexNo_Roughage;NR-WP4-011;Thigh;3,67;5,6;12,53;12,26;9,01;7,56
1007;385;1;11/06/2023, 09:26:23;High_spacexNo_Roughage;NR-WP4-011;Thigh;5,98;9,3;8,18;9,16;8,95;8,79
1008;385;1;11/06/2023, 09:26:26;High_spacexNo_Roughage;NR-WP4-011;Thigh;13,36;10,75;0,75;10,92;9,12;7,41
1001;660;1;11/06/2023, 09:35:21;High_spacexNo_Roughage;NR-WP4-012;Thigh;11,43;12,11;3,76;2,44;9,16;4,62
1002;660;1;11/06/2023, 09:35:42;High_spacexNo_Roughage;NR-WP4-012;Thigh;1,16;8,15;7,41;12,4;9,91;4,77
1003;660;1;11/06/2023, 09:36:11;High_spacexNo_Roughage;NR-WP4-012;Thigh;3,12;12,31;11,67;12,18;3,49;5,23
1004;660;1;11/06/2023, 09:36:29;High_spacexNo_Roughage;NR-WP4-012;Thigh;3,16;9,6;8,9;12,68;7,52;7,67
1005;660;1;11/06/2023, 09:36:44;High_spacexNo_Roughage;NR-WP4-012;Thigh;5,86;8,11;1,69;5,17;1,54;1,43
1006;660;1;11/06/2023, 09:36:03;High_spacexNo_Roughage;NR-WP4-012;Thigh;4,88;6,11;7,12;12,22;6,66;9,05
1007;660;1;11/06/2023, 09:35:55;High_spacexNo_Roughage;NR-WP4-012;Thigh;7,65;8,7;8,51;9,69;9,47;11,21
1008;660;1;11/06/2023, 09:35:38;High_spacexNo_Roughage;NR-WP4-012;Thigh;8,66;11,85;2,66;9,32;3,08;11,8
1001;243;1;11/01/2023, 09:15:47;High_spacexNo_Roughage;NR-WP4-013;Thigh;14,42;4,35;7,78;2,59;0,64;0,7
1002;243;1;11/01/2023, 09:15:49;High_spacexNo_Roughage;NR-WP4-013;Thigh;6,04;3,78;10,95;6,44;12,84;5,6
1003;243;1;11/01/2023, 09:16:12;High_spacexNo_Roughage;NR-WP4-013;Thigh;11,34;9,12;1,3;7,91;4,97;9,93
1004;243;1;11/01/2023, 09:17:55;High_spacexNo_Roughage;NR-WP4-013;Thigh;2,59;13,12;7,27;11,82;4,73;10,57
1005;243;1;11/01/2023, 09:16:41;High_spacexNo_Roughage;NR-WP4-013;Thigh;0,86;7,29;0,91;12,97;8;1,23
1006;243;1;11/01/2023, 09:16:28;High_spacexNo_Roughage;NR-WP4-013;Thigh;4,62;11,3;7,69;12,77;7,14;9,36
1007;243;1;11/01/2023, 09:16:39;High_spacexNo_Roughage;NR-WP4-013;Thigh;5,65;10,29;7,32;8,92;9,12;7,47
1008;243;1;11/01/2023, 09:15:52;High_spacexNo_Roughage;NR-WP4-013;Thigh;10,81;12,37;0,81;10,24;3,52;11,34
1001;718;1;11/01/2023, 09:48:33;High_spacexNo_Roughage;NR-WP4-014;Thigh;3,96;7,98;7,56;10,35;7,54;9,34
1002;718;1;11/01/2023, 09:48:39;High_spacexNo_Roughage;NR-WP4-014;Thigh;3,6;4,9;8,24;11,16;10,66;1,1
1003;718;1;11/01/2023, 09:48:31;High_spacexNo_Roughage;NR-WP4-014;Thigh;7,54;4,84;3,25;2,18;12,26;2,64
1004;718;1;11/01/2023, 09:48:41;High_spacexNo_Roughage;NR-WP4-014;Thigh;2,57;13,3;5,27;11,76;9,43;5,47
1005;718;1;11/01/2023, 09:48:50;High_spacexNo_Roughage;NR-WP4-014;Thigh;8,74;8,77;1,74;8,37;0,77;8,43
1006;718;1;11/01/2023, 09:48:39;High_spacexNo_Roughage;NR-WP4-014;Thigh;6,37;12;5,69;12,35;3,52;13,05
1007;718;1;11/01/2023, 09:48:26;High_spacexNo_Roughage;NR-WP4-014;Thigh;5,87;9,58;7,3;9,87;10,07;7,6
1008;718;1;11/01/2023, 09:48:12;High_spacexNo_Roughage;NR-WP4-014;Thigh;13,43;11,67;1,12;8,11;4,9;11,08
1001;992;1;11/01/2023, 10:24:51;High_spacexNo_Roughage;NR-WP4-021;Thigh;11,52;9,67;3,58;13,16;9,49;10,92
1002;992;1;11/01/2023, 10:25:13;High_spacexNo_Roughage;NR-WP4-021;Thigh;12,42;3,8;8,42;3,8;13,1;1,1
1003;992;1;11/01/2023, 10:25:03;High_spacexNo_Roughage;NR-WP4-021;Thigh;11,19;11,63;2,07;9,69;11,87;8,99
1004;992;1;11/01/2023, 10:25:45;High_spacexNo_Roughage;NR-WP4-021;Thigh;7,87;13,21;7,25;8,37;9,56;4,09
1005;992;1;11/01/2023, 10:25:44;High_spacexNo_Roughage;NR-WP4-021;Thigh;2,63;10,2;3,63;10,43;1,57;4,31
1006;992;1;11/01/2023, 10:25:33;High_spacexNo_Roughage;NR-WP4-021;Thigh;12,2;8,07;7,25;8,99;12,2;2,97
1007;992;1;11/01/2023, 10:25:25;High_spacexNo_Roughage;NR-WP4-021;Thigh;8,92;9,05;5,6;5,89;11,03;8,04
1008;992;1;11/01/2023, 10:25:19;High_spacexNo_Roughage;NR-WP4-021;Thigh;11,43;9,91;3,78;8,75;10,66;2,97
1001;217;1;11/07/2023, 10:46:26;High_spacexNo_Roughage;NR-WP4-026;Thigh;3,1;14,51;5,65;9,27;9,71;3,74
1002;217;1;11/07/2023, 10:46:35;High_spacexNo_Roughage;NR-WP4-026;Thigh;5,65;6,46;7,67;10,29;4,26;9,82
1003;217;1;11/07/2023, 10:46:35;High_spacexNo_Roughage;NR-WP4-026;Thigh;12,09;12,35;3,12;12,26;3,87;7,96
1004;217;1;11/07/2023, 10:47:04;High_spacexNo_Roughage;NR-WP4-026;Thigh;0,86;12,88;8,66;13,32;7,16;9,19
1005;217;1;11/07/2023, 10:46:47;High_spacexNo_Roughage;NR-WP4-026;Thigh;7,49;8,63;3,29;10,49;5;5,74
1006;217;1;11/07/2023, 10:47:03;High_spacexNo_Roughage;NR-WP4-026;Thigh;2,48;8,7;4,42;13,41;4,9;11,96
1007;217;1;11/07/2023, 10:46:40;High_spacexNo_Roughage;NR-WP4-026;Thigh;7,78;7,52;7,65;7,91;9,38;11,19
1001;864;1;11/06/2023, 10:25:40;High_spacexNo_Roughage;NR-WP4-032;Thigh;5,74;5,67;10,22;10,35;1,69;4,88
1002;864;1;11/06/2023, 10:25:50;High_spacexNo_Roughage;NR-WP4-032;Thigh;5,38;4,13;9,43;10,55;8,75;1,12
1003;864;1;11/06/2023, 10:26:16;High_spacexNo_Roughage;NR-WP4-032;Thigh;11,3;6,35;6,57;9,03;2,59;4,31
1004;864;1;11/06/2023, 10:26:54;High_spacexNo_Roughage;NR-WP4-032;Thigh;7,21;9,56;6,26;8,26;7,98;6,51
1005;864;1;11/06/2023, 10:26:27;High_spacexNo_Roughage;NR-WP4-032;Thigh;6,86;8,86;2,89;3,2;9,46;5,86
1006;864;1;11/06/2023, 10:26:43;High_spacexNo_Roughage;NR-WP4-032;Thigh;7,14;10,35;9,71;11,45;6,75;10,02
1007;864;1;11/06/2023, 10:25:59;High_spacexNo_Roughage;NR-WP4-032;Thigh;5,67;8,44;8,77;8,92;9,01;9,76
1008;864;1;11/06/2023, 10:25:55;High_spacexNo_Roughage;NR-WP4-032;Thigh;1,27;13,69;11,01;13,78;0,44;14,62
1001;319;1;11/01/2023, 10:56:06;High_spacexNo_Roughage;NR-WP4-033;Thigh;11,52;2,2;8,4;5,71;0,53;0,51
1002;319;1;11/01/2023, 10:56:19;High_spacexNo_Roughage;NR-WP4-033;Thigh;1,65;2,18;8,51;11,89;10,95;1,01
1003;319;1;11/01/2023, 10:56:35;High_spacexNo_Roughage;NR-WP4-033;Thigh;5,01;11,82;11,93;3,12;11,87;2,11
1004;319;1;11/01/2023, 10:56:57;High_spacexNo_Roughage;NR-WP4-033;Thigh;3,3;13,76;9,6;10,57;10,64;6,33
1005;319;1;11/01/2023, 10:56:56;High_spacexNo_Roughage;NR-WP4-033;Thigh;10,63;8,09;6,46;9,06;3,71;1,54
1006;319;1;11/01/2023, 10:56:45;High_spacexNo_Roughage;NR-WP4-033;Thigh;5,38;11,74;11,25;11,63;9,91;7,43
1007;319;1;11/01/2023, 10:56:14;High_spacexNo_Roughage;NR-WP4-033;Thigh;8,9;8,64;6,51;6,55;10,59;8,44
1008;319;1;11/01/2023, 10:56:16;High_spacexNo_Roughage;NR-WP4-033;Thigh;11,91;10,9;1,98;9,82;5,63;11,74
1001;305;1;11/02/2023, 09:51:03;High_spacexNo_Roughage;NR-WP4-034;Thigh;14,04;5,3;3,56;1,27;9,05;4,13
1002;305;1;11/02/2023, 09:51:17;High_spacexNo_Roughage;NR-WP4-034;Thigh;7,67;4,02;10,62;11,65;10,92;1,08
1003;305;1;11/02/2023, 09:51:24;High_spacexNo_Roughage;NR-WP4-034;Thigh;4,24;12,11;3,63;10,95;1,85;8,68
1004;305;1;11/02/2023, 09:52:18;High_spacexNo_Roughage;NR-WP4-034;Thigh;1,6;13,34;10,24;13,47;5,32;2,48
1005;305;1;11/02/2023, 09:51:39;High_spacexNo_Roughage;NR-WP4-034;Thigh;9,23;10,29;2,06;5,17;10,54;1,11
1006;305;1;11/02/2023, 09:51:25;High_spacexNo_Roughage;NR-WP4-034;Thigh;8,18;7,69;6,29;11,82;4,46;9,98
1007;305;1;11/02/2023, 09:51:18;High_spacexNo_Roughage;NR-WP4-034;Thigh;8,18;7,67;6,13;5,96;11,01;8,29
1008;305;1;11/02/2023, 09:51:06;High_spacexNo_Roughage;NR-WP4-034;Thigh;12,84;8,86;7,56;10,04;6,13;11,08
1001;858;1;11/03/2023, 09:26:09;High_spacexNo_Roughage;NR-WP4-036;Thigh;3,12;5,8;13,56;13,43;2,02;2,31
1002;858;1;11/03/2023, 09:26:31;High_spacexNo_Roughage;NR-WP4-036;Thigh;2,7;3,98;8,44;10,37;8,2;0,59
1003;858;1;11/03/2023, 09:26:28;High_spacexNo_Roughage;NR-WP4-036;Thigh;11,98;9,82;4,11;8,51;5,52;8,77
1004;858;1;11/03/2023, 09:26:43;High_spacexNo_Roughage;NR-WP4-036;Thigh;1,8;13,1;6,79;13,03;9,6;6,57
1005;858;1;11/03/2023, 09:27:04;High_spacexNo_Roughage;NR-WP4-036;Thigh;6,09;6,34;2,29;9,03;4,29;5,54
1006;858;1;11/03/2023, 09:27:08;High_spacexNo_Roughage;NR-WP4-036;Thigh;5,03;7,82;7,89;12,84;10,4;7,8
1007;858;1;11/03/2023, 09:26:48;High_spacexNo_Roughage;NR-WP4-036;Thigh;5,85;9,25;9,3;8,9;8,44;8,97
1008;858;1;11/03/2023, 09:26:42;High_spacexNo_Roughage;NR-WP4-036;Thigh;2,81;12,46;8,26;13,32;0,88;13,45
1001;337;1;11/03/2023, 10:05:39;High_spacexNo_Roughage;NR-WP4-043;Thigh;9,78;10,07;6,75;5,01;12,31;7,91
1002;337;1;11/03/2023, 10:05:57;High_spacexNo_Roughage;NR-WP4-043;Thigh;2;3,54;6,07;12,48;9,87;2,64
1003;337;1;11/03/2023, 10:06:14;High_spacexNo_Roughage;NR-WP4-043;Thigh;7,45;7,54;4,66;6,68;9,34;6,15
1004;337;1;11/03/2023, 10:06:24;High_spacexNo_Roughage;NR-WP4-043;Thigh;8,2;12,75;6,64;7,54;9,1;5,76
1005;337;1;11/03/2023, 10:06:39;High_spacexNo_Roughage;NR-WP4-043;Thigh;4,46;6,09;1,31;7,94;2;4,34
1006;337;1;11/03/2023, 10:06:15;High_spacexNo_Roughage;NR-WP4-043;Thigh;6,11;7,67;7,47;14,09;10,31;6,77
1007;337;1;11/03/2023, 10:06:12;High_spacexNo_Roughage;NR-WP4-043;Thigh;7,43;7,76;6,9;6,64;9,43;8,2
1008;337;1;11/03/2023, 10:05:56;High_spacexNo_Roughage;NR-WP4-043;Thigh;5,19;10,4;7,96;10,73;5,71;9,91
1001;307;1;11/02/2023, 10:15:10;High_spacexNo_Roughage;NR-WP4-046;Thigh;12,42;11,89;12,18;8,57;12;0,77
1002;307;1;11/02/2023, 10:15:17;High_spacexNo_Roughage;NR-WP4-046;Thigh;4,9;2,44;10,07;6,81;10,86;1,47
1003;307;1;11/02/2023, 10:15:37;High_spacexNo_Roughage;NR-WP4-046;Thigh;11,93;12,2;9,03;0,95;11,91;4,07
1004;307;1;11/02/2023, 10:16:03;High_spacexNo_Roughage;NR-WP4-046;Thigh;7,69;13,1;4,51;4,62;9,87;3,63
1005;307;1;11/02/2023, 10:15:59;High_spacexNo_Roughage;NR-WP4-046;Thigh;8,31;4,43;1,77;6,57;11,69;2,26
1006;307;1;11/02/2023, 10:15:45;High_spacexNo_Roughage;NR-WP4-046;Thigh;7,56;9,49;7,69;13,76;3,12;12,57
1007;307;1;11/02/2023, 10:15:55;High_spacexNo_Roughage;NR-WP4-046;Thigh;9,05;7,21;6,53;7,52;10,81;10,55
1008;307;1;11/02/2023, 10:15:38;High_spacexNo_Roughage;NR-WP4-046;Thigh;11,14;11,98;4,57;6,04;12,18;2,51
1001;508;1;11/02/2023, 10:25:51;High_spacexNo_Roughage;NR-WP4-048;Thigh;4,07;14,09;7,8;10,75;7,21;8,9
1002;508;1;11/02/2023, 10:26:08;High_spacexNo_Roughage;NR-WP4-048;Thigh;10,77;1,87;5,89;3,67;13,38;1,63
1003;508;1;11/02/2023, 10:26:19;High_spacexNo_Roughage;NR-WP4-048;Thigh;4,46;12,73;12,84;4,92;10,59;4,24
1004;508;1;11/02/2023, 10:26:28;High_spacexNo_Roughage;NR-WP4-048;Thigh;10,64;13,93;3,93;7,56;9,41;3,3
1005;508;1;11/02/2023, 10:26:47;High_spacexNo_Roughage;NR-WP4-048;Thigh;8,89;9,57;10,06;10,2;5,94;1,74
1006;508;1;11/02/2023, 10:26:39;High_spacexNo_Roughage;NR-WP4-048;Thigh;7,47;8,92;2,4;11,67;6,04;11,34
1007;508;1;11/02/2023, 10:26:25;High_spacexNo_Roughage;NR-WP4-048;Thigh;8,64;7,82;3,71;3,87;11,08;8,15
1008;508;1;11/02/2023, 10:26:02;High_spacexNo_Roughage;NR-WP4-048;Thigh;13,89;7,98;0,57;1,47;13,47;0,59
1001;426;1;11/07/2023, 10:26:28;High_spacexNo_Roughage;NR-WP4-049;Thigh;9,23;8,95;1,05;3,67;7,85;8,11
1002;426;1;11/07/2023, 10:26:52;High_spacexNo_Roughage;NR-WP4-049;Thigh;4,97;5,23;6,42;7,87;12,79;1,36
1003;426;1;11/07/2023, 10:26:34;High_spacexNo_Roughage;NR-WP4-049;Thigh;10,37;11,52;3,38;5,45;10,86;8,11
1004;426;1;11/07/2023, 10:26:51;High_spacexNo_Roughage;NR-WP4-049;Thigh;5,89;11,58;3,71;7,21;6,7;10,66
1005;426;1;11/07/2023, 10:27:17;High_spacexNo_Roughage;NR-WP4-049;Thigh;6,49;6,74;4,03;7,83;7,37;2,17
1006;426;1;11/07/2023, 10:27:18;High_spacexNo_Roughage;NR-WP4-049;Thigh;12,31;8,53;4,59;6,66;10,88;3,65
1007;426;1;11/07/2023, 10:26:59;High_spacexNo_Roughage;NR-WP4-049;Thigh;5,78;7,3;7,23;7,47;10,31;8,86
1001;925;1;11/02/2023, 11:05:15;High_spacexNo_Roughage;NR-WP4-050;Thigh;1,85;5,23;11,23;11,43;7,14;6,64
1002;925;1;11/02/2023, 11:05:30;High_spacexNo_Roughage;NR-WP4-050;Thigh;11,56;9,87;10,35;1,82;12,07;1,12
1003;925;1;11/02/2023, 11:05:31;High_spacexNo_Roughage;NR-WP4-050;Thigh;7,43;12,15;1,6;7,93;10,29;1,89
1004;925;1;11/02/2023, 11:05:43;High_spacexNo_Roughage;NR-WP4-050;Thigh;6,86;12,59;7,52;8,22;9,38;3,67
1005;925;1;11/02/2023, 11:06:08;High_spacexNo_Roughage;NR-WP4-050;Thigh;9,11;5,74;1,57;7,97;6,49;5,46
1006;925;1;11/02/2023, 11:06:07;High_spacexNo_Roughage;NR-WP4-050;Thigh;5,47;9,14;7,21;12,92;10,11;4,04
1007;925;1;11/02/2023, 11:05:51;High_spacexNo_Roughage;NR-WP4-050;Thigh;10,07;7,58;7,76;6;9,87;10,09
1008;925;1;11/02/2023, 11:05:44;High_spacexNo_Roughage;NR-WP4-050;Thigh;14,18;9,54;0,53;2,11;14,22;0,42
